total_inference_time_s,avg_batch_time_s,samples_per_second,emissions_kg_co2,overall_precision,overall_recall,overall_f1,overall_accuracy,avg_peak_memory_gb,total_samples
2.5559372901916504,0.032353636584704436,491.4048575525975,0.012512845153418032,0.8480360592401803,0.8892640108035111,0.8681608437705998,0.9406199970892155,1.0666289329528809,1256
