total_inference_time_s,avg_batch_time_s,samples_per_second,emissions_kg_co2,accuracy,avg_peak_memory_gb,total_samples
2.2047977447509766,0.07602750843968885,203.64679756632862,0.000427076453887124,0.5011135857461024,0.6399894089534365,449
